SLUG,WEBSITE,ECOMMERCE,CHANNEL
carinosanto-ecommerce,https://instagram.com/carinosantoboutique?igshid=YmMyMTA2M2Y=,NOT_AVAILABLE,E_COMMERCE_WOOCOMMERCE
dulcecarolina-ecommerce,https://www.instagram.com/dulcecarolinapereira/?hl=en,NOT_AVAILABLE,E_COMMERCE_WOOCOMMERCE
kryoland-ecommerce,https://www.instagram.com/kryolancolombia,NOT_AVAILABLE,E_COMMERCE_SHOPIFY
ambiente-g-ecommerce,https://www.ambientegourmet.com/,Magento,E_COMMERCE_CUSTOM
brandliveblackanddecker-ecommerce,https://www.blackanddeckercolombia.com/,Magento,E_COMMERCE_VTEX
botanica-ecommerce,https://botanicacol.com/,NOT_AVAILABLE,E_COMMERCE_WOOCOMMERCE
merrell-ecommerce,https://www.merrell.com.co/,Magento,E_COMMERCE_VTEX
socialdm-ecommerce,https://socialadm.com.co/,CUSTOM/WORDPRESS,E_COMMERCE_SHOPIFY
denimware-ecommerce,https://denimwave.com.co/,CUSTOM/WORDPRESS,E_COMMERCE_SHOPIFY
santaella-ecommerce,https://santaellajeans.com,CUSTOM/WORDPRESS,E_COMMERCE_SHOPIFY
blessaccesorios-ecommerce,https://blessaccesorios.com/,CUSTOM/WORDPRESS,E_COMMERCE_SHOPIFY
zerie-ecommerce,https://zerie.com,CUSTOM/WORDPRESS,E_COMMERCE_SHOPIFY
tuiss-ecommerce,https://www.tuiss.com.co/,CUSTOM/WORDPRESS,E_COMMERCE_VTEX
thenorthface-ecommerce,https://www.thenorthface.com.co/?utm_campaign=addifriends&utm_source=addi&utm_medium=rrss,CUSTOM/WORDPRESS,E_COMMERCE_VTEX
camiseriainglesa-ecommerce,https://www.camiseriainglesa.com,CUSTOM/WORDPRESS,E_COMMERCE_VTEX
kappa-ecommerce,https://www.kappa-col.com/nueva-coleccion?utm_campaign=addifriends&utm_source=addi&utm_medium=rrss,CUSTOM/WORDPRESS,E_COMMERCE_VTEX
brandlive-novarix-ecommerce,https://www.novarix.com/newHome,Magento,E_COMMERCE_VTEX
deluxejeans-ecommerce,https://deluxejeans.com.co/,CUSTOM/WORDPRESS,E_COMMERCE_WOOCOMMERCE
rosetto-ecommerce,https://rosettocol.com/shop/,CUSTOM/WORDPRESS,E_COMMERCE_WOOCOMMERCE
newstylescity-ecommerce,https://newstylecity.com.co/,CUSTOM/WORDPRESS,E_COMMERCE_SHOPIFY
relojeriapulso-ecommerce,https://www.pulsocol.com/,CUSTOM/WORDPRESS,E_COMMERCE_SHOPIFY
americanshoes-ecommerce,https://americanshoescolombia.com/,CUSTOM/WORDPRESS,E_COMMERCE_CUSTOM
zawadzky-ecommerce,https://www.zawadzky.com/,CUSTOM/WORDPRESS,E_COMMERCE_SHOPIFY
lazapateria-ecommerce,https://lazapateria.co,CUSTOM/WORDPRESS,E_COMMERCE_SHOPIFY
anylady-ecommerce,https://anylady.com.co/,CUSTOM/WORDPRESS,E_COMMERCE_SHOPIFY
uniformeshola-ecommerce,https://www.uniformeshelo.com/,CUSTOM/WORDPRESS,E_COMMERCE_SHOPIFY
pinkrose-ecommerce,https://pinkrose.com.co/,CUSTOM/WORDPRESS,E_COMMERCE_SHOPIFY
projectdm-ecommerce,https://projectdm.co/,CUSTOM/WORDPRESS,E_COMMERCE_SHOPIFY
ahuva-ecommerce,https://ahuva.co/,CUSTOM/WORDPRESS,E_COMMERCE_WOOCOMMERCE
lasociedaddelsneaker-ecommerce,https://lasociedadelsneaker.com/,CUSTOM/WORDPRESS,E_COMMERCE_WOOCOMMERCE
treintaysietegrados-ecommerce,https://treintaysietegrados.com/,CUSTOM/WORDPRESS,E_COMMERCE_SHOPIFY
didacticosbob-ecommerce,https://didacticosbob.com,CUSTOM/WORDPRESS,E_COMMERCE_SHOPIFY
myrror-ecommerce,https://myrror.com.co/,CUSTOM/WORDPRESS,E_COMMERCE_WOOCOMMERCE
cientonce-ecommerce,https://www.111cycling.com/collections/estilo-de-vida,CUSTOM/WORDPRESS,E_COMMERCE_SHOPIFY
classicjeansshops-ecommerce,https://classicjeans.co/,CUSTOM/WORDPRESS,E_COMMERCE_CUSTOM
dubaistore-ecommerce,https://dubaistore.co,CUSTOM/WORDPRESS,E_COMMERCE_WOOCOMMERCE
eyra-ecommerce,https://eyraorganico.com/,CUSTOM/WORDPRESS,E_COMMERCE_WOOCOMMERCE
luleta-ecommerce,https://luleta.co,CUSTOM/WORDPRESS,E_COMMERCE_WOOCOMMERCE
luckyload-ecommerce,https://luckandload.com/,CUSTOM/WORDPRESS,E_COMMERCE_WOOCOMMERCE
maskaramakeup-ecommerce,https://maskaramakeup.com,CUSTOM/WORDPRESS,E_COMMERCE_WOOCOMMERCE
replay-ecommerce,https://www.replaycol.com/,CUSTOM/WORDPRESS,E_COMMERCE_VTEX
babymania-ecommerce,https://babymania.com.co/,CUSTOM/WORDPRESS,E_COMMERCE_WOOCOMMERCE
ogmantra-ecommerce,https://ogmantra.co/,CUSTOM/WORDPRESS,E_COMMERCE_WOOCOMMERCE
tiendamusicalfranciscoelhombre-ecommerce,https://musycorp.com/,CUSTOM/WORDPRESS,E_COMMERCE_WOOCOMMERCE
barbalarga-ecommerce,https://barbalargaoficial.com/,CUSTOM/WORDPRESS,E_COMMERCE_WOOCOMMERCE
ninagatojoyeria-ecommerce,https://ninagatojoyeria.com,CUSTOM/WORDPRESS,E_COMMERCE_WOOCOMMERCE
bellaconfidence-ecommerce,https://www.bellaconfidence.com/,CUSTOM/WORDPRESS,E_COMMERCE_SHOPIFY
saramar-ecommerce,https://saramarstore.com/,CUSTOM/WORDPRESS,E_COMMERCE_WOOCOMMERCE
hushpuppies-ecommerce,https://www.hushpuppies.com.co/,CUSTOM/WORDPRESS,E_COMMERCE_VTEX
inmaculadacuidadocapilar-ecommerce,https://inmaculadacapilar.com/,CUSTOM/WORDPRESS,E_COMMERCE_WOOCOMMERCE
vivance-ecommerce,https://vivance.co,CUSTOM/WORDPRESS,E_COMMERCE_SHOPIFY
adrysua-ecommerce,https://adrysua.com/,CUSTOM/WORDPRESS,E_COMMERCE_SHOPIFY
kronotime-ecommerce,https://kronotime.com/collections/relojes-exclusivos-para-regalar-a-menos-de-200000?utm_source=Pagina&utm_medium=imagen-+addi+friends&utm_campaign=Addi+Friends+kronotime++5+al+17+de+septiembre&utm_id=Pagina,CUSTOM/WORDPRESS,E_COMMERCE_SHOPIFY
vinaga-ecommerce,https://vinaga.net,CUSTOM/WORDPRESS,E_COMMERCE_SHOPIFY
macondas-ecommerce,https://macondas.com,CUSTOM/WORDPRESS,E_COMMERCE_SHOPIFY
august-ecommerce,https://www.august.com.co/,CUSTOM/WORDPRESS,E_COMMERCE_SHOPIFY
loccitane-ecommerce,https://co.loccitane.com/l'occitane/colombia,CUSTOM/WORDPRESS,E_COMMERCE_SHOPIFY
justfit-ecommerce,https://justfit.com.co,CUSTOM/WORDPRESS,E_COMMERCE_SHOPIFY
todoparaciclismo-ecommerce,https://todoparaciclismo.com/,CUSTOM/WORDPRESS,E_COMMERCE_SHOPIFY
lazo-ecommerce,https://lazo.com.co,CUSTOM/WORDPRESS,E_COMMERCE_SHOPIFY
colchonesyespumasdormilandia-ecommerce,https://colchonesdormilandia.co/,CUSTOM/WORDPRESS,E_COMMERCE_WOOCOMMERCE
olecompany-ecommerce,https://olecapilar.com,CUSTOM/WORDPRESS,E_COMMERCE_WOOCOMMERCE
teraviva-ecommerce,https://teraviva.com.co,CUSTOM/WORDPRESS,E_COMMERCE_WOOCOMMERCE
tigo-ecommerce,https://compras.tigo.com.co/financiacion#,CUSTOM/WORDPRESS,E_COMMERCE_VTEX
jotcajeans-ecommerce,https://www.jotcajeans.com,CUSTOM/WORDPRESS,E_COMMERCE_SHOPIFY
medicalmarket-ecommerce,https://amedicalmarket.com,CUSTOM/WORDPRESS,E_COMMERCE_WOOCOMMERCE
lamarshop-ecommerce,https://www.lamarshop.com.co/,CUSTOM/WORDPRESS,E_COMMERCE_SHOPIFY
masurbano-ecommerce,https://tiendamasurbano.com ,CUSTOM/WORDPRESS,E_COMMERCE_SHOPIFY
spring-ecommerce,https://www.colchonesspring.com.co,CUSTOM/WORDPRESS,E_COMMERCE_CUSTOM
erwhitejeans-ecommerce,https://www.erwhitejeans.com/,CUSTOM/WORDPRESS,E_COMMERCE_SHOPIFY
vitalica-ecommerce,https://vitalica.com.co/,CUSTOM/WORDPRESS,E_COMMERCE_SHOPIFY
elishop-ecommerce,https://elishop.com.co/,CUSTOM/WORDPRESS,E_COMMERCE_SHOPIFY
stanza-ecommerce,https://stanza.com.co,CUSTOM/WORDPRESS,E_COMMERCE_SHOPIFY
implementosdeportivosorlave-ecommerce,https://orlave.com/,CUSTOM/WORDPRESS,E_COMMERCE_SHOPIFY
xhobbies-ecommerce,https://xhobbies.co/,CUSTOM/WORDPRESS,E_COMMERCE_SHOPIFY
andreaagudelo-ecommerce,https://intl.andreagudelo.com/,CUSTOM/WORDPRESS,E_COMMERCE_SHOPIFY
moca-ecommerce,https://mocaoficial.com/,CUSTOM/WORDPRESS,E_COMMERCE_SHOPIFY
motorola-ecommerce,https://www.motorola.com.co/?utm_medium=Addi&utm_source=siteaddi,CUSTOM/WORDPRESS,E_COMMERCE_VTEX
decoriente-ecommerce,https://decoriente.com.co,CUSTOM/WORDPRESS,E_COMMERCE_WOOCOMMERCE
fpmoto-ecommerce,https://www.fpmoto.com/,CUSTOM/WORDPRESS,E_COMMERCE_MAGENTO
koaj-permoda-online,https://www.koaj.co/,CUSTOM/WORDPRESS,API_PAY_LINK
electrolux-ecommerce,https://www.electrolux.com.co/,CUSTOM/WORDPRESS,E_COMMERCE_VTEX
medekicks-ecommerce,https://medekicks.com/,CUSTOM/WORDPRESS,E_COMMERCE_WOOCOMMERCE
nanastore-ecommerce,https://nanastore.co/hogar/,CUSTOM/WORDPRESS,E_COMMERCE_WOOCOMMERCE
labodegadealeja-ecommerce,https://labodegadealeja.com/,CUSTOM/WORDPRESS,E_COMMERCE_WOOCOMMERCE
zonagamerco-ecommerce,https://zonagamer.co/,CUSTOM/WORDPRESS,E_COMMERCE_WOOCOMMERCE
balukids-ecommerce,https://balu.com.co/,CUSTOM/WORDPRESS,E_COMMERCE_CUSTOM
laboratoriosmariasalome-ecommerce,https://mariasalome.com,CUSTOM/WORDPRESS,E_COMMERCE_CUSTOM
enjoypc-ecommerce,https://www.enjoypc.co/,CUSTOM/WORDPRESS,E_COMMERCE_WOOCOMMERCE
comercializadorafacihogarsas-ecommerce,https://facihogar.com.co/,CUSTOM/WORDPRESS,E_COMMERCE_CUSTOM
esiete-ecommerce,https://esiete.co,CUSTOM/WORDPRESS,E_COMMERCE_SHOPIFY
essemskincare-ecommerce,https://www.essemskincare.com,CUSTOM/WORDPRESS,E_COMMERCE_WOOCOMMERCE
closetienda-ecommerce,https://closetienda.com/,CUSTOM/WORDPRESS,E_COMMERCE_SHOPIFY
fiorenzi-ecommerce,https://www.fiorenzi.com.co/,CUSTOM/WORDPRESS,E_COMMERCE_VTEX
totalbeautysystem-ecommerce,https://totalbeautysystem.com/,CUSTOM/WORDPRESS,E_COMMERCE_WOOCOMMERCE
tiendasportfitness-ecommerce,https://tienda-sportfitness.com/,CUSTOM/WORDPRESS,E_COMMERCE_WOOCOMMERCE
firenzedeco-ecommerce,https://www.firenzedeco.com/,CUSTOM/WORDPRESS,E_COMMERCE_SHOPIFY
tiendasparadox-ecommerce,https://tiendasparadox.co,CUSTOM/WORDPRESS,E_COMMERCE_WOOCOMMERCE
spirito-ecommerce,https://www.spirito.com.co/,CUSTOM/WORDPRESS,E_COMMERCE_VTEX
elmejorperfume-ecommerce,https://elmejorperfume.com,CUSTOM/WORDPRESS,E_COMMERCE_WOOCOMMERCE
enmoto-ecommerce,https://enmoto.co/,CUSTOM/WORDPRESS,E_COMMERCE_SHOPIFY
clickcosmetics-ecommerce,https://clickcosmetics.com.co/,CUSTOM/WORDPRESS,E_COMMERCE_WOOCOMMERCE
miaalmamia-ecommerce,https://mialmamia.com,CUSTOM/WORDPRESS,E_COMMERCE_SHOPIFY
pigmalion-ecommerce,https://industriaspigmalion.com/,CUSTOM/WORDPRESS,E_COMMERCE_WOOCOMMERCE
zamianaturalezalatina-ecommerce,https://zamiacolombia.com/,CUSTOM/WORDPRESS,E_COMMERCE_SHOPIFY
bloom-ecommerce,https://shopbloom.com.co/,CUSTOM/WORDPRESS,E_COMMERCE_WOOCOMMERCE
hecatombe-ecommerce,https://hecatombe.co,CUSTOM/WORDPRESS,E_COMMERCE_SHOPIFY
cosmeticosghelic-ecommerce,https://cosmeticosghelic.com,CUSTOM/WORDPRESS,E_COMMERCE_WOOCOMMERCE
alexandergerard-ecommerce,https://www.alexandergerardmen.com.co/,CUSTOM/WORDPRESS,E_COMMERCE_SHOPIFY
stevemadden-ecommerce,https://stevemadden.com.co/?utm_campaign=addifriends&utm_source=addi&utm_medium=rrss,CUSTOM/WORDPRESS,E_COMMERCE_SHOPIFY
dinastiashoes1-ecommerce,https://dinastiashoes1.com/,CUSTOM/WORDPRESS,E_COMMERCE_SHOPIFY
soulintimates-ecommerce,https://soulintimates.com,CUSTOM/WORDPRESS,E_COMMERCE_SHOPIFY
veronnagroup-ecommerce,https://veronnaperfumeria.com/,CUSTOM/WORDPRESS,E_COMMERCE_SHOPIFY
kadosh-ecommerce,https://calzadokadosh.com/,CUSTOM/WORDPRESS,E_COMMERCE_SHOPIFY
amlcomercializadora-ecommerce,https://amlcomercializadora.com/,CUSTOM/WORDPRESS,E_COMMERCE_WOOCOMMERCE
freespirit-ecommerce,https://www.freespirit.com.co,CUSTOM/WORDPRESS,E_COMMERCE_SHOPIFY
blossomperfumeria-ecommerce,https://blossomperfumeria.com,CUSTOM/WORDPRESS,E_COMMERCE_SHOPIFY
vivamoda-ecommerce,https://www.vivamoda.com.co/,CUSTOM/WORDPRESS,E_COMMERCE_SHOPIFY
bamdenim-ecommerce,https://bam-denim.com/,CUSTOM/WORDPRESS,E_COMMERCE_SHOPIFY
navissi-ecommerce,https://navissi.com/,CUSTOM/WORDPRESS,E_COMMERCE_SHOPIFY
armatura-ecommerce,https://armatura.com.co,CUSTOM/WORDPRESS,E_COMMERCE_SHOPIFY
surtibaby-ecommerce,https://www.surtibaby.com/,CUSTOM/WORDPRESS,E_COMMERCE_SHOPIFY
momentum-ecommerce,https://momentumclothes.com,CUSTOM/WORDPRESS,E_COMMERCE_SHOPIFY
almaceneldeportista-ecommerce,https://eldeportista.co,CUSTOM/WORDPRESS,E_COMMERCE_SHOPIFY
flashes-ecommerce,https://flashesbeauty.com/,CUSTOM/WORDPRESS,E_COMMERCE_SHOPIFY
amazonicabeleza-ecommerce,https://amazonicabeleza.com/,CUSTOM/WORDPRESS,E_COMMERCE_SHOPIFY
agybo-ecommerce,https://agybo.com,CUSTOM/WORDPRESS,E_COMMERCE_SHOPIFY
eloisastudio-ecommerce,https://eloisa.co,CUSTOM/WORDPRESS,E_COMMERCE_SHOPIFY
spacewave-ecommerce,https://spacewave.com.co/,CUSTOM/WORDPRESS,E_COMMERCE_SHOPIFY
saju-ecommerce,https://www.saju.co/,CUSTOM/WORDPRESS,E_COMMERCE_SHOPIFY
twonow-ecommerce,https://twonow.co/,CUSTOM/WORDPRESS,E_COMMERCE_SHOPIFY
airu-ecommerce,https://airu.com.co/,CUSTOM/WORDPRESS,E_COMMERCE_SHOPIFY
misorganizadores-ecommerce,https://www.misorganizadores.com/,CUSTOM/WORDPRESS,E_COMMERCE_SHOPIFY
fjallraven-ecommerce,https://fjallraven.com.co/collections/mochilas-kanken?utm_campaign=addifriends&utm_source=addi&utm_medium=rrss,CUSTOM/WORDPRESS,E_COMMERCE_SHOPIFY
especia-ecommerce,https://www.especia.com/,CUSTOM/WORDPRESS,E_COMMERCE_SHOPIFY
divva-ecommerce,https://divva.co,CUSTOM/WORDPRESS,E_COMMERCE_SHOPIFY
allbaute-ecommerce,https://allbaute.com,CUSTOM/WORDPRESS,E_COMMERCE_SHOPIFY
bydanielasalazar-ecommerce,https://bydanielasalazar.com,CUSTOM/WORDPRESS,E_COMMERCE_SHOPIFY
deunashop-ecommerce,https://deunashop.co/,CUSTOM/WORDPRESS,E_COMMERCE_SHOPIFY
polobike-ecommerce,https://polobike.co/,CUSTOM/WORDPRESS,E_COMMERCE_CUSTOM
samsungoficial-ecommerce,https://shop.samsung.com.co/,CUSTOM/WORDPRESS,E_COMMERCE_CUSTOM
leeloo-ecommerce,https://leeloo.com.co/,CUSTOM/WORDPRESS,E_COMMERCE_WOOCOMMERCE
lineaestetica-ecommerce,https://lineaestetica.co/,CUSTOM/WORDPRESS,E_COMMERCE_MAGENTO
bellapiel-ecommerce,https://www.bellapiel.com.co/,CUSTOM/WORDPRESS,E_COMMERCE_VTEX
dermatologiafrancesa-ecommerce,https://dermatologiafrancesa.com,CUSTOM/WORDPRESS,E_COMMERCE_WOOCOMMERCE
motomellos-ecommerce,https://motomellos.com,CUSTOM/WORDPRESS,E_COMMERCE_WOOCOMMERCE
dermahemp-ecommerce,https://dermahemp.co,CUSTOM/WORDPRESS,E_COMMERCE_SHOPIFY
ktacheplussize-ecommerce,https://ktache.com,CUSTOM/WORDPRESS,E_COMMERCE_WOOCOMMERCE
purpuramakeup-ecommerce,https://purpuremakeup.com,CUSTOM/WORDPRESS,E_COMMERCE_WOOCOMMERCE
babuchis-ecommerce,https://babuchis.com/,CUSTOM/WORDPRESS,E_COMMERCE_SHOPIFY
talulah-ecommerce,https://talulah.com.co/,CUSTOM/WORDPRESS,E_COMMERCE_WOOCOMMERCE
clvssicvintagestreetwear-ecommerce,https://clvssic.co/,CUSTOM/WORDPRESS,E_COMMERCE_SHOPIFY
wuilpy-ecommerce,https://wuilpy.com/,CUSTOM/WORDPRESS,E_COMMERCE_WOOCOMMERCE
newbalance-ecommerce,https://www.newbalance.com.co/,CUSTOM/WORDPRESS,E_COMMERCE_CUSTOM
modadexter-ecommerce,https://modadexter.com/,CUSTOM/WORDPRESS,E_COMMERCE_WOOCOMMERCE
buhonights-ecommerce,https://www.buhonights.com/,CUSTOM/WORDPRESS,E_COMMERCE_WOOCOMMERCE
onebikeone-ecommerce,https://onebikeone.com,CUSTOM/WORDPRESS,E_COMMERCE_WOOCOMMERCE
gorah-ecommerce,https://gorah.co/,CUSTOM/WORDPRESS,E_COMMERCE_WOOCOMMERCE
linamarintrademark-ecommerce,https://linamarintrademark.co/,CUSTOM/WORDPRESS,E_COMMERCE_WOOCOMMERCE
debebes-ecommerce,https://www.tiendadebebes.com.co/,CUSTOM/WORDPRESS,E_COMMERCE_SHOPIFY
victa-ecommerce,https://victashop.com,CUSTOM/WORDPRESS,E_COMMERCE_WOOCOMMERCE
smeraldaswimwear-ecommerce,https://smeraldasw.com,CUSTOM/WORDPRESS,E_COMMERCE_SHOPIFY
ilovepinch-ecommerce,https://ilovepinch.com/,CUSTOM/WORDPRESS,E_COMMERCE_SHOPIFY
sobeauty-ecommerce,https://sobeautymakeup.com/,CUSTOM/WORDPRESS,E_COMMERCE_WOOCOMMERCE
nacarada-ecommerce,https://nacarada.com/,CUSTOM/WORDPRESS,E_COMMERCE_SHOPIFY
benedyctina-ecommerce,https://benedyctina.com/,CUSTOM/WORDPRESS,E_COMMERCE_SHOPIFY
walky-ecommerce,https://walky.com.co/,CUSTOM/WORDPRESS,E_COMMERCE_WOOCOMMERCE
meikrem-ecommerce,https://meikrem.com/,CUSTOM/WORDPRESS,E_COMMERCE_VTEX
xticolombia-ecommerce,https://xti.com.co/,CUSTOM/WORDPRESS,E_COMMERCE_WOOCOMMERCE
sabehospa-ecommerce,https://sabehospa.com,CUSTOM/WORDPRESS,E_COMMERCE_WOOCOMMERCE
planetasport-ecommerce,https://www.planetasport.com.co/,CUSTOM/WORDPRESS,E_COMMERCE_VTEX
kuwai-ecommerce,https://soykuwai.com/,CUSTOM/WORDPRESS,E_COMMERCE_WOOCOMMERCE
curlylovers-ecommerce,https://curlylovers.com/,CUSTOM/WORDPRESS,E_COMMERCE_WOOCOMMERCE
feliciamakeup-ecommerce,https://feliciamakeup.com.co/,CUSTOM/WORDPRESS,E_COMMERCE_WOOCOMMERCE
beltinnishoes-ecommerce,https://beltinni.co,CUSTOM/WORDPRESS,E_COMMERCE_WOOCOMMERCE
gtechsystems-ecommerce,https://gtech.systems/,CUSTOM/WORDPRESS,E_COMMERCE_CUSTOM
